<mxGraphModel style="default-style2"><root snapinVersion="3.5.0.0.451046" autoSnapToGrid="false"><mxCell id="1400627693428"/><mxCell id="1400627693429" parent="1400627693428"/><DataVariable Type="Vertex" groupName="Data" Identefier="TBD" objectType="DataVariable" Label="Variables" nodeType="data" svg="Data" displayName="Variable" tile="green" displayProp="" stepName="Data Variable" id="1400627700494"><InputVars/><OutputVars/><properties><Item><Name>EmailMessage</Name><Schema>{"title":"EmailMessage","type":"object","properties":{"ToAddress":{"type":"string"},"Subject":{"type":"string"},"Body":{"type":"string"}}}</Schema><Checked>true</Checked><SchemaId>uuid3964307a_fc64_b4f4_322b_1595934580100</SchemaId><EditDisabled>false</EditDisabled></Item><Item><Name>system</Name><Schema>{title:system,type:object,properties:{securityIP:{type:string},instanceId:{type:string},parentId:{type:string},parentNode:{type:string},wfdName:{type:string},wfdVersion:{type:string}},required:[securityIP,instanceId,parentId,parentNode,wfdName,wfdVersion]}</Schema><Checked>true</Checked><SchemaId>uuid12345678901234567890</SchemaId><EditDisabled>false</EditDisabled></Item><Item><Name>StartSchema</Name><Schema>{"title":"EmailMessage","type":"object","properties":{"ToAddress":{"type":"string"},"Subject":{"type":"string"},"Body":{"type":"string"}}}</Schema><Checked>true</Checked><SchemaId>uuidStartSchema1234567890</SchemaId><EditDisabled>false</EditDisabled></Item></properties><mxCell style="image;image=./images/bpmn/Data.png" parent="1400627693429" vertex="1" labelUnique="1" connectable="0"><mxGeometry x="25" y="25" width="29" height="29" as="geometry"/></mxCell></DataVariable><PropertiesNode stepName="PropertiesNode" displayProp="" tile="green" displayName="Properties" svg="Properties" Label="Properties" objectType="PropertiesNode" nodeType="PropertiesNode" Identefier="TBD" groupName="Data" Type="Vertex" id="1400627739052"><properties/><InputVars/><OutputVars/><mxCell style="image;image=./images/bpmn/Properties.png" parent="1400627693429" labelUnique="1" vertex="1" connectable="0"><mxGeometry x="115" y="25" width="29" height="29" as="geometry"/></mxCell></PropertiesNode><StartEvent Type="Vertex" groupName="Events" Identefier="com.roobroo.bpm.model.StartEvent" serviceName="CollabDesigner" objectType="StartEvent" Label="Start" nodeType="event" svg="StartEvent" displayName="Start" displayProp="" stepName="Start Event" EventFamily="Email" EventType="Email" EventVersion="1" OutputSchema="{&quot;title&quot;:&quot;EmailMessage&quot;,&quot;type&quot;:&quot;object&quot;,&quot;properties&quot;:{&quot;ToAddress&quot;:{&quot;type&quot;:&quot;string&quot;},&quot;Subject&quot;:{&quot;type&quot;:&quot;string&quot;},&quot;Body&quot;:{&quot;type&quot;:&quot;string&quot;}}}" id="1400627739051"><properties><OutputSchema propType="multilineText" fillerLevel="3" showHideCheckbox="true" textLines="7" displayPropName="Output schema" control="OutputSchema">{"title":"EmailMessage","type":"object","properties":{"ToAddress":{"type":"string"},"Subject":{"type":"string"},"Body":{"type":"string"}}}</OutputSchema><InputMapping propType="text"/><OutputMapping propType="text">{"edges":[{"sourceUniquePath":"['EmailMessage']","targetUniquePath":"['uuidStartSchema1234567890']","transformationAST":{"ast":"","tokens":"","isTemplate":"false"}}]}</OutputMapping><EventFamily displayPropName="Event family" propType="combo" fillerLevel="0" filler="getInstance.eventFamily" fillerModel="com.avaya.workflow.events.EventCatalogEntries" modelName="setEventFamily" control="EventFamily">Email</EventFamily><EventType displayPropName="Event type" propType="combo" fillerLevel="1" filler="getInstance.eventType" fillerModel="com.avaya.workflow.events.EventCatalogEntries" modelName="setEventType" control="EventType">Email</EventType><EventVersion displayPropName="Event version" propType="combo" fillerLevel="2" filler="getInstance.eventVersion" fillerModel="com.avaya.workflow.events.EventCatalogEntries" modelName="setEventVersion" control="EventVersion">1</EventVersion></properties><InputVars><Item><Name>system</Name><SchemaId>uuid12345678901234567890</SchemaId><Checked>true</Checked><CollapseVar>true</CollapseVar><CollapseExtraVar>true</CollapseExtraVar></Item><Item><Name>Call</Name><SchemaId>uuidCallVariable1234567890</SchemaId><Checked>true</Checked><CollapseVar>true</CollapseVar><CollapseExtraVar>true</CollapseExtraVar></Item><Item><Name>StartSchema</Name><SchemaId>uuidStartSchema1234567890</SchemaId><Checked>true</Checked><CollapseVar>true</CollapseVar><CollapseExtraVar>true</CollapseExtraVar></Item></InputVars><OutputVars><Item><Name>system</Name><SchemaId>uuid12345678901234567890</SchemaId><Checked>true</Checked><CollapseVar>true</CollapseVar><CollapseExtraVar>true</CollapseExtraVar></Item><Item><Name>Call</Name><SchemaId>uuidCallVariable1234567890</SchemaId><Checked>true</Checked><CollapseVar>true</CollapseVar><CollapseExtraVar>true</CollapseExtraVar></Item><Item><Name>StartSchema</Name><SchemaId>uuidStartSchema1234567890</SchemaId><Checked>true</Checked><CollapseVar>true</CollapseVar><CollapseExtraVar>true</CollapseExtraVar></Item></OutputVars><mxCell style="image;image=./images/bpmn/StartEvent.png" parent="1400627693429" vertex="1" labelUnique="1"><mxGeometry x="25" y="125" width="29" height="29" as="geometry"/></mxCell></StartEvent><SendEmail Type="Vertex" groupName="Notifications" Identefier="com.avaya.designer.thallium.task.communication.EmailModel" objectType="SendEmail" Label="SendEmail1" nodeType="activity" svg="Email" displayName="Send Email" tile="green" displayProp="Email subject**00**$lStartSchema.Subject" input_schema="{&#10;&#9;&#9;&#9;&#9;&#9;&#9;&#9;&#9;&#9;&#9;&#9;title:SendEmailInputSchema,&#10;&#9;                                        type:object,&#10;&#9;                                        properties:{&#9;                                        &#9;&#9;&#10;&#9;                                        &#9;&#9;emailSender:{type: string},&#10;&#9;                                                emailRecipient:{type:array,items:{type: string}},&#10;&#9;                                                emailSubject:{type:string},&#10;&#9;                                                emailBody:{type:string},&#10;&#9;                                                contentType:{type:string},&#9;                                                &#10;&#9;                                                emailCc:{type:array,items:{type: string}},&#10;&#9;                                                emailBcc:{type:array,items:{type: string}}&#10;&#9;                                        }&#10;&#9;                                }" output_schema="{&#10;&#9;&#9;&#9;&#9;    &#9;&#9;&#9;&#9;&#9;&#9;title:SendEmailOutputSchema,&#10;&#9;&#9;&#9;&#9;    &#9;&#9;&#9;&#9;&#9;&#9;type:object,&#10;&#9;&#9;&#9;&#9;    &#9;&#9;&#9;&#9;&#9;&#9;properties:{&#10;&#9;&#9;&#9;&#9;    &#9;&#9;&#9;&#9;&#9;&#9;&#9;&#9;status:{type:string}&#10;&#9;&#9;&#9;&#9;    &#9;&#9;&#9;&#9;&#9;&#9;}&#10;&#9;&#9;&#9;&#9;    &#9;&#9;&#9;&#9;}" serviceName="CollabDesigner" snapinVersion="3.0" displayProperties="[{&quot;mapping&quot;: [{&quot;EmailSubject&quot;: &quot;emailSubject&quot;}]}, {&quot;properties&quot;: [&quot;EmailSubject&quot;]}]" mapping="[&quot;input&quot;, &quot;output&quot;]" forEach="true" stepName="Send Email" ContentType="text/plain" arrayToLoop="" id="1595933622989"><properties><SMTPUserName propType="text" displayPropName="SMTP User Name" readOnly="false" modelName="setSMTPUserName">lukefmurray2007@gmail.com</SMTPUserName><SMTPPassword propType="password" displayPropName="SMTP Password" readOnly="false" modelName="setSMTPPassword">UAq4P4wh9dmakTXqZQjruQ==</SMTPPassword><SMTPHost propType="text" displayPropName="SMTP Host" readOnly="false" modelName="setSMTPHost">smtp.gmail.com</SMTPHost><SMTPPort propType="text" displayPropName="SMTP Port" readOnly="false" modelName="setSMTPPort">587</SMTPPort><Sender propType="text" displayPropName="Sender" mapping="emailSender" readOnly="false" modelName="setEmailSender">noreply@avaya.com</Sender><To propType="text" displayPropName="To" mapping="emailRecipient" readOnly="false" modelName="setToEmailAddress">murray6@avaya.com</To><Cc propType="text" displayPropName="Cc" mapping="emailCc" readOnly="false" modelName="setCcEmailAddress"/><Bcc propType="text" displayPropName="Bcc" mapping="emailBcc" readOnly="false" modelName="setBccEmailAddress"/><EmailSubject propType="text" displayPropName="Email subject" mapping="emailSubject" readOnly="false" modelName="setEmailSubject"/><EmailBody propType="multilineText" displayPropName="Email body" mapping="emailBody" readOnly="false" modelName="setEmailBody" textLines="7" control="EmailBody">Avaya CPAAS email pin</EmailBody><ContentType propType="combo" displayPropName="Select the content type for email body" mapping="contentType" readOnly="false" filler="getInstance.emailContentTypeZang" modelName="setContentType" fillerModel="com.avaya.designer.task.zang.util.FillerUtil" fillerLevel="undefined" fillerDefaultValue="undefined" multiple="false" control="ContentType">text/plain</ContentType><InputMapping propType="text" displayPropName="undefined" readOnly="false">{"edges":[{"sourceUniquePath":"['uuid3964307a_fc64_b4f4_322b_1595934580100']['Subject']","targetUniquePath":"['SendEmailInputSchema']['emailSubject']","transformationAST":{"ast":"","tokens":"","isTemplate":"false"}}]}</InputMapping><OutputMapping propType="text" displayPropName="undefined" readOnly="false"/><forEachSupport propType="checkbox" displayPropName="Loop execution" readOnly="false">false</forEachSupport><arrayToLoop propType="text" displayPropName="Array to loop" readOnly="false" control="arrayToLoop"/></properties><InputVars><Item><Name>EmailMessage</Name><SchemaId>uuid3964307a_fc64_b4f4_322b_1595934580100</SchemaId><Checked>true</Checked><CollapseVar>true</CollapseVar><CollapseExtraVar>true</CollapseExtraVar></Item><Item><Name>system</Name><SchemaId>uuid12345678901234567890</SchemaId><Checked>true</Checked><CollapseVar>true</CollapseVar><CollapseExtraVar>true</CollapseExtraVar></Item><Item><Name>StartSchema</Name><SchemaId>uuidStartSchema1234567890</SchemaId><Checked>true</Checked><CollapseVar>true</CollapseVar><CollapseExtraVar>true</CollapseExtraVar></Item></InputVars><OutputVars><Item><Name>EmailMessage</Name><SchemaId>uuid3964307a_fc64_b4f4_322b_1595934580100</SchemaId><Checked>true</Checked><CollapseVar>true</CollapseVar><CollapseExtraVar>true</CollapseExtraVar></Item><Item><Name>system</Name><SchemaId>uuid12345678901234567890</SchemaId><Checked>true</Checked><CollapseVar>true</CollapseVar><CollapseExtraVar>true</CollapseExtraVar></Item><Item><Name>StartSchema</Name><SchemaId>uuidStartSchema1234567890</SchemaId><Checked>true</Checked><CollapseVar>true</CollapseVar><CollapseExtraVar>true</CollapseExtraVar></Item></OutputVars><mxCell style="fontSize=9" vertex="1" collapsed="1" parent="1400627693429" labelUnique="1"><mxGeometry x="180" y="165.40000009536743" width="40" height="35" as="geometry"/></mxCell></SendEmail><Edge Type="Edge" stepName="Edge" Label="" SeqNumber="" Condition="" AST="{&quot;expressionAST&quot;:{&quot;ast&quot;:&quot;&quot;,&quot;tokens&quot;:&quot;&quot;}}" DispCondition="" id="1595933625802"><mxCell edge="1" parent="1400627693429" source="1400627739051" target="1595933622989"><mxGeometry relative="1" as="geometry"/></mxCell></Edge><EndEvent Type="Vertex" groupName="Events" Identefier="com.roobroo.bpm.model.EndEvent" objectType="EndEvent" Label="End1" nodeType="event" svg="EndEvent" displayName="End" tile="undefined" displayProp="" input_schema="undefined" output_schema="undefined" serviceName="CollabDesigner" snapinVersion="3.0" displayProperties="undefined" mapping="[&quot;input&quot;]" forEach="undefined" stepName="End" id="1595933811831"><properties><EventFamily propType="combo" displayPropName="Event family" readOnly="false" fillerLevel="0" filler="getInstance.eventFamily" modelName="setEventFamily" fillerModel="com.avaya.workflow.events.EventCatalogEntries" show="false" fillerDefaultValue="undefined" multiple="false"/><EventType propType="combo" displayPropName="Event type" readOnly="false" fillerLevel="1" filler="getInstance.eventType" modelName="setEventType" fillerModel="com.avaya.workflow.events.EventCatalogEntries" show="false" fillerDefaultValue="undefined" multiple="false"/><EventVersion propType="combo" displayPropName="Event version" readOnly="false" fillerLevel="2" filler="getInstance.eventVersion" modelName="setEventVersion" fillerModel="com.avaya.workflow.events.EventCatalogEntries" show="false" fillerDefaultValue="undefined" multiple="false"/><InputSchema propType="multilineText" displayPropName="Input schma" showHideCheckbox="true" readOnly="false" fillerLevel="3" modelName="setSchema" textLines="7"/><InputMapping propType="text" displayPropName="undefined" readOnly="false"/><OutputMapping propType="text" displayPropName="undefined" readOnly="false"/></properties><InputVars/><OutputVars/><mxCell style="image;image=Designer/EndEvent.png?task=endEvent" vertex="1" collapsed="1" parent="1400627693429" labelUnique="1"><mxGeometry x="328" y="192.40000009536743" width="29" height="29" as="geometry"/></mxCell></EndEvent><Edge Type="Edge" stepName="Edge" Label="" SeqNumber="" Condition="" AST="{&quot;expressionAST&quot;:{&quot;ast&quot;:&quot;&quot;,&quot;tokens&quot;:&quot;&quot;}}" DispCondition="" id="1595933813987"><mxCell edge="1" parent="1400627693429" source="1595933622989" target="1595933811831"><mxGeometry relative="1" as="geometry"/></mxCell></Edge></root></mxGraphModel>