<mxGraphModel style="default-style2"><root snapinVersion="3.5.0.0.451046" autoSnapToGrid="false"><mxCell id="1595581296692"/><mxCell id="1595581296693" parent="1595581296692"/><DataVariable snapinVersion="3.5.0.0.451046" autoSnapToGrid="false" stepName="Data Variable" tile="green" displayName="Variables" svg="Data" nodeType="data" Label="Variables" objectType="DataVariable" Identefier="TBD" displayProp="" displayProperties="undefined" groupName="Data" Type="Vertex" serviceName="CollabDesigner" input_schema="undefined" output_schema="undefined" defaultLabelOrientation="BELOW" isDot="false" publicReadable="true" id="1595581296694"><InputVars/><OutputVars/><properties><Item><Name>Subject</Name><Schema>{"title":"Subject","type":"object","properties":{"SMSMessage":{"type":"string"}}}</Schema><Checked>true</Checked><SchemaId>uuide47e41be_9a6d_c4f2_da4f_1595877733653</SchemaId><EditDisabled>false</EditDisabled></Item><Item><Name>EmailMessage1</Name><Schema>{"title":"EmailMessage1","type":"object","properties":{"ToAddress1":{"type":"string"},"Subject1":{"type":"string"},"Body1":{"type":"string"}}}</Schema><Checked>true</Checked><SchemaId>uuid264ef332_d16c_ac49_9819_1595927439395</SchemaId><EditDisabled>false</EditDisabled></Item><Item><Name>imessage</Name><Schema>{"title":"imessage","type":"object","properties":{"Key1":{"type":"string"},"Key2":{"type":"string"}}}</Schema><Checked>true</Checked><SchemaId>uuidd409c001_7b2e_d1a4_409e_1595936437118</SchemaId><EditDisabled>false</EditDisabled></Item><Item><Name>system</Name><Schema>{title:system,type:object,properties:{securityIP:{type:string},instanceId:{type:string},parentId:{type:string},parentNode:{type:string},wfdName:{type:string},wfdVersion:{type:string},port:{type:string}},required:[securityIP,instanceId,parentId,parentNode,wfdName,wfdVersion,port]}</Schema><Checked>true</Checked><SchemaId>uuid12345678901234567890</SchemaId><EditDisabled>false</EditDisabled></Item><Item><Name>Call</Name><Schema>{title:Call,type:object,properties:{callingNumber:{type:string},calledNumber:{type:string},timeOfEvent:{type:string},ucid:{type:string}}}</Schema><Checked>true</Checked><SchemaId>uuidCallVariable1234567890</SchemaId><EditDisabled>false</EditDisabled></Item><Item><Name>StartSchema</Name><Schema>{"title":"EmailMessage","type":"object","properties":{"ToAddress":{"type":"string"},"Subject":{"type":"string"},"Body":{"type":"string"}}}</Schema><Checked>true</Checked><SchemaId>uuidStartSchema1234567890</SchemaId><EditDisabled>false</EditDisabled></Item></properties><mxCell style="image;image=./images/bpmn/Data.png" parent="1595581296693" vertex="1" labelUnique="1" connectable="0"><mxGeometry x="25" y="25" width="29" height="29" as="geometry"/></mxCell></DataVariable><PropertiesNode stepName="PropertiesNode" displayProp="" tile="green" displayName="Properties" svg="Properties" Label="Properties" objectType="PropertiesNode" nodeType="PropertiesNode" Identefier="TBD" groupName="Data" Type="Vertex" id="1595581296695"><properties/><InputVars/><OutputVars/><mxCell style="image;image=./images/bpmn/Properties.png" parent="1595581296693" labelUnique="1" vertex="1" connectable="0"><mxGeometry x="115" y="25" width="29" height="29" as="geometry"/></mxCell></PropertiesNode><StartEvent snapinVersion="3.5.0.0.451046" autoSnapToGrid="false" stepName="Start Event" tile="null" displayName="Start" svg="StartEvent" nodeType="event" Label="Start" objectType="StartEvent" Identefier="com.roobroo.bpm.model.StartEvent" displayProp="" displayProperties="undefined" groupName="Events" Type="Vertex" serviceName="CollabDesigner" input_schema="undefined" output_schema="undefined" defaultLabelOrientation="BELOW" isDot="false" labelName="Start" mapping="[&quot;output&quot;]" helpUrl="Start_event_Zang.html" publicReadable="true" sid="AC5c889084b86339a520b544ee8c9dd3cc" EventFamily="Email" EventType="Email" EventVersion="1" OutputSchema="{&quot;title&quot;:&quot;EmailMessage&quot;,&quot;type&quot;:&quot;object&quot;,&quot;properties&quot;:{&quot;ToAddress&quot;:{&quot;type&quot;:&quot;string&quot;},&quot;Subject&quot;:{&quot;type&quot;:&quot;string&quot;},&quot;Body&quot;:{&quot;type&quot;:&quot;string&quot;}}}" id="1595581296696"><properties><Schedule type="String" modelName="setScheduled" propType="checkbox" displayPropName="Schedule" show="false"/><ScheduleOptions type="String" modelName="setScheduleOptions" propType="scheduledatetime" displayPropName="Schedule options" show="false"/><setorviewschedule clicker="js:openScheduler" clickerTextField="ScheduleOptions" clickerParam="ScheduleOptions" propType="button" displayPropName="Set/View Schedule" show="false"/><EventFamily type="String" modelName="setEventFamily" filler="getInstance.eventFamily" fillerModel="com.avaya.workflow.events.EventCatalogEntries" fillerLevel="0" propType="combo" displayPropName="Event family" control="EventFamily">Email</EventFamily><EventType type="String" modelName="setEventType" filler="getInstance.eventType" fillerModel="com.avaya.workflow.events.EventCatalogEntries" fillerLevel="1" propType="combo" displayPropName="Event type" control="EventType">Email</EventType><EventVersion type="String" modelName="setEventVersion" filler="getInstance.eventVersion" fillerModel="com.avaya.workflow.events.EventCatalogEntries" fillerLevel="2" propType="combo" displayPropName="Event version" control="EventVersion">1</EventVersion><OutputSchema type="String" modelName="setSchema" fillerLevel="3" propType="multilineText" textLines="7" displayPropName="Output schema" showHideCheckbox="true" control="OutputSchema">{"title":"EmailMessage","type":"object","properties":{"ToAddress":{"type":"string"},"Subject":{"type":"string"},"Body":{"type":"string"}}}</OutputSchema><InputMapping propType="text"/><OutputMapping propType="text">{"edges":[{"sourceUniquePath":"['EmailMessage']","targetUniquePath":"['uuidStartSchema1234567890']","transformationAST":{"ast":"","tokens":"","isTemplate":"false"}},{"sourceUniquePath":"['uuidd409c001_7b2e_d1a4_409e_1595936437118']['Key1']","targetUniquePath":"['uuidd409c001_7b2e_d1a4_409e_1595936437118']['Key1']","transformationAST":{"ast":"","tokens":"","isTemplate":"false"}},{"sourceUniquePath":"['uuidd409c001_7b2e_d1a4_409e_1595936437118']['Key2']","targetUniquePath":"['uuidd409c001_7b2e_d1a4_409e_1595936437118']['Key2']","transformationAST":{"ast":"","tokens":"","isTemplate":"false"}}]}</OutputMapping></properties><InputVars><Item><Name>Subject</Name><SchemaId>uuide47e41be_9a6d_c4f2_da4f_1595877733653</SchemaId><Checked>true</Checked><CollapseVar>true</CollapseVar><CollapseExtraVar>true</CollapseExtraVar></Item><Item><Name>EmailMessage1</Name><SchemaId>uuid264ef332_d16c_ac49_9819_1595927439395</SchemaId><Checked>true</Checked><CollapseVar>true</CollapseVar><CollapseExtraVar>true</CollapseExtraVar></Item><Item><Name>imessage</Name><SchemaId>uuidd409c001_7b2e_d1a4_409e_1595936437118</SchemaId><Checked>true</Checked><CollapseVar>true</CollapseVar><CollapseExtraVar>true</CollapseExtraVar></Item><Item><Name>system</Name><SchemaId>uuid12345678901234567890</SchemaId><Checked>true</Checked><CollapseVar>true</CollapseVar><CollapseExtraVar>true</CollapseExtraVar></Item><Item><Name>Call</Name><SchemaId>uuidCallVariable1234567890</SchemaId><Checked>true</Checked><CollapseVar>true</CollapseVar><CollapseExtraVar>true</CollapseExtraVar></Item><Item><Name>StartSchema</Name><SchemaId>uuidStartSchema1234567890</SchemaId><Checked>true</Checked><CollapseVar>true</CollapseVar><CollapseExtraVar>true</CollapseExtraVar></Item></InputVars><OutputVars><Item><Name>Subject</Name><SchemaId>uuide47e41be_9a6d_c4f2_da4f_1595877733653</SchemaId><Checked>false</Checked><CollapseVar>true</CollapseVar><CollapseExtraVar>true</CollapseExtraVar></Item><Item><Name>EmailMessage1</Name><SchemaId>uuid264ef332_d16c_ac49_9819_1595927439395</SchemaId><Checked>false</Checked><CollapseVar>true</CollapseVar><CollapseExtraVar>true</CollapseExtraVar></Item><Item><Name>imessage</Name><SchemaId>uuidd409c001_7b2e_d1a4_409e_1595936437118</SchemaId><Checked>true</Checked><CollapseVar>false</CollapseVar><CollapseExtraVar>false</CollapseExtraVar></Item><Item><Name>system</Name><SchemaId>uuid12345678901234567890</SchemaId><Checked>true</Checked><CollapseVar>false</CollapseVar><CollapseExtraVar>true</CollapseExtraVar></Item><Item><Name>Call</Name><SchemaId>uuidCallVariable1234567890</SchemaId><Checked>true</Checked><CollapseVar>false</CollapseVar><CollapseExtraVar>true</CollapseExtraVar></Item><Item><Name>StartSchema</Name><SchemaId>uuidStartSchema1234567890</SchemaId><Checked>true</Checked><CollapseVar>false</CollapseVar><CollapseExtraVar>false</CollapseExtraVar></Item></OutputVars><mxCell style="image;image=Designer/StartEvent.png?task=startEvent" parent="1595581296693" vertex="1" labelUnique="1"><mxGeometry x="25" y="125" width="29" height="29" as="geometry"/></mxCell></StartEvent><SendEmail snapinVersion="3.5.0.0.451046" autoSnapToGrid="false" stepName="Send Email" tile="green" displayName="Send Email" svg="Email" nodeType="activity" Label="SendEmail1" objectType="SendEmail" Identefier="com.avaya.designer.thallium.task.communication.EmailModel" displayProp="Email subject**00**$ltests cpaas email" displayProperties="[{&quot;mapping&quot;: [{&quot;EmailSubject&quot;: &quot;emailSubject&quot;}]}, {&quot;properties&quot;: [&quot;EmailSubject&quot;]}]" groupName="Notifications" Type="Vertex" serviceName="CollabDesigner" input_schema="{&#10;&#9;&#9;&#9;&#9;&#9;&#9;&#9;&#9;&#9;&#9;&#9;title:SendEmailInputSchema,&#10;&#9;                                        type:object,&#10;&#9;                                        properties:{&#9;                                        &#9;&#9;&#10;&#9;                                        &#9;&#9;emailSender:{type: string},&#10;&#9;                                                emailRecipient:{type:array,items:{type: string}},&#10;&#9;                                                emailSubject:{type:string},&#10;&#9;                                                emailBody:{type:string},&#10;&#9;                                                contentType:{type:string},&#9;                                                &#10;&#9;                                                emailCc:{type:array,items:{type: string}},&#10;&#9;                                                emailBcc:{type:array,items:{type: string}}&#10;&#9;                                        }&#10;&#9;                                }" output_schema="{&#10;&#9;&#9;&#9;&#9;    &#9;&#9;&#9;&#9;&#9;&#9;title:SendEmailOutputSchema,&#10;&#9;&#9;&#9;&#9;    &#9;&#9;&#9;&#9;&#9;&#9;type:object,&#10;&#9;&#9;&#9;&#9;    &#9;&#9;&#9;&#9;&#9;&#9;properties:{&#10;&#9;&#9;&#9;&#9;    &#9;&#9;&#9;&#9;&#9;&#9;&#9;&#9;status:{type:string}&#10;&#9;&#9;&#9;&#9;    &#9;&#9;&#9;&#9;&#9;&#9;}&#10;&#9;&#9;&#9;&#9;    &#9;&#9;&#9;&#9;}" defaultLabelOrientation="BELOW" isDot="false" forEach="true" mapping="[&quot;input&quot;, &quot;output&quot;]" helpUrl="Send_Email_Zang.html" publicReadable="true" sid="AC5c889084b86339a520b544ee8c9dd3cc" ContentType="text/plain" arrayToLoop="" id="1595581305841"><properties><SMTPUserName type="String" modelName="setSMTPUserName" propType="text" displayPropName="SMTP User Name">lukefmurray2007@gmail.com</SMTPUserName><SMTPPassword type="String" modelName="setSMTPPassword" propType="password" displayPropName="SMTP Password">UAq4P4wh9dmakTXqZQjruQ==</SMTPPassword><SMTPHost type="String" modelName="setSMTPHost" propType="text" displayPropName="SMTP Host">smtp.gmail.com</SMTPHost><SMTPPort type="String" modelName="setSMTPPort" propType="text" displayPropName="SMTP Port">587</SMTPPort><Sender type="String" modelName="setEmailSender" propType="text" displayPropName="Sender" mapping="emailSender">chris.p.murray@gmail.com</Sender><To type="String" modelName="setToEmailAddress" propType="text" displayPropName="To" mapping="emailRecipient">murray6@avaya.com</To><Cc type="String" modelName="setCcEmailAddress" propType="text" displayPropName="Cc" mapping="emailCc"/><Bcc type="String" modelName="setBccEmailAddress" propType="text" displayPropName="Bcc" mapping="emailBcc"/><EmailSubject type="String" modelName="setEmailSubject" propType="text" displayPropName="Email subject" mapping="emailSubject">tests cpaas email</EmailSubject><EmailBody type="String" modelName="setEmailBody" propType="multilineText" textLines="7" displayPropName="Email body" mapping="emailBody" control="EmailBody">try to add subject</EmailBody><ContentType type="String" modelName="setContentType" filler="getInstance.emailContentTypeZang" fillerModel="com.avaya.designer.task.zang.util.FillerUtil" propType="combo" displayPropName="Select the content type for email body" mapping="contentType" control="ContentType">text/plain</ContentType><InputMapping propType="text">{"edges":[{"sourceUniquePath":"['uuidd409c001_7b2e_d1a4_409e_1595936437118']['Key1']","targetUniquePath":"['SendEmailInputSchema']['emailSubject']","transformationAST":{"ast":"","tokens":"","isTemplate":"false"}}]}</InputMapping><OutputMapping propType="text"/><forEachSupport displayPropName="Loop execution" propType="checkbox">false</forEachSupport><arrayToLoop displayPropName="Array to loop" propType="text" control="arrayToLoop"/></properties><InputVars><Item><Name>Subject</Name><SchemaId>uuide47e41be_9a6d_c4f2_da4f_1595877733653</SchemaId><Checked>true</Checked><CollapseVar>false</CollapseVar><CollapseExtraVar>true</CollapseExtraVar></Item><Item><Name>EmailMessage1</Name><SchemaId>uuid264ef332_d16c_ac49_9819_1595927439395</SchemaId><Checked>true</Checked><CollapseVar>true</CollapseVar><CollapseExtraVar>true</CollapseExtraVar></Item><Item><Name>imessage</Name><SchemaId>uuidd409c001_7b2e_d1a4_409e_1595936437118</SchemaId><Checked>true</Checked><CollapseVar>false</CollapseVar><CollapseExtraVar>true</CollapseExtraVar></Item><Item><Name>system</Name><SchemaId>uuid12345678901234567890</SchemaId><Checked>true</Checked><CollapseVar>true</CollapseVar><CollapseExtraVar>true</CollapseExtraVar></Item><Item><Name>Call</Name><SchemaId>uuidCallVariable1234567890</SchemaId><Checked>true</Checked><CollapseVar>true</CollapseVar><CollapseExtraVar>true</CollapseExtraVar></Item><Item><Name>StartSchema</Name><SchemaId>uuidStartSchema1234567890</SchemaId><Checked>true</Checked><CollapseVar>true</CollapseVar><CollapseExtraVar>true</CollapseExtraVar></Item></InputVars><OutputVars><Item><Name>Subject</Name><SchemaId>uuide47e41be_9a6d_c4f2_da4f_1595877733653</SchemaId><Checked>true</Checked><CollapseVar>true</CollapseVar><CollapseExtraVar>true</CollapseExtraVar></Item><Item><Name>EmailMessage1</Name><SchemaId>uuid264ef332_d16c_ac49_9819_1595927439395</SchemaId><Checked>true</Checked><CollapseVar>true</CollapseVar><CollapseExtraVar>true</CollapseExtraVar></Item><Item><Name>imessage</Name><SchemaId>uuidd409c001_7b2e_d1a4_409e_1595936437118</SchemaId><Checked>true</Checked><CollapseVar>true</CollapseVar><CollapseExtraVar>true</CollapseExtraVar></Item><Item><Name>system</Name><SchemaId>uuid12345678901234567890</SchemaId><Checked>true</Checked><CollapseVar>true</CollapseVar><CollapseExtraVar>true</CollapseExtraVar></Item><Item><Name>Call</Name><SchemaId>uuidCallVariable1234567890</SchemaId><Checked>true</Checked><CollapseVar>true</CollapseVar><CollapseExtraVar>true</CollapseExtraVar></Item><Item><Name>StartSchema</Name><SchemaId>uuidStartSchema1234567890</SchemaId><Checked>true</Checked><CollapseVar>true</CollapseVar><CollapseExtraVar>true</CollapseExtraVar></Item></OutputVars><mxCell style="" parent="1595581296693" vertex="1" collapsed="1" labelUnique="1"><mxGeometry x="154" y="160.20000004768372" width="40" height="35" as="geometry"/></mxCell></SendEmail><Edge Type="Edge" stepName="Edge" Label="" SeqNumber="" Condition="" AST="{&quot;expressionAST&quot;:{&quot;ast&quot;:&quot;&quot;,&quot;tokens&quot;:&quot;&quot;}}" DispCondition="" id="1595581308083"><mxCell parent="1595581296693" source="1595581296696" target="1595581305841" edge="1"><mxGeometry relative="1" as="geometry"/></mxCell></Edge><EndEvent snapinVersion="3.5.0.0.451046" autoSnapToGrid="false" stepName="End Event" tile="undefined" displayName="End" svg="EndEvent" nodeType="event" Label="End1" objectType="EndEvent" Identefier="com.roobroo.bpm.model.EndEvent" displayProp="" displayProperties="undefined" groupName="Events" Type="Vertex" serviceName="CollabDesigner" input_schema="undefined" output_schema="undefined" defaultLabelOrientation="BELOW" isDot="false" labelName="End" mapping="[&quot;input&quot;]" helpUrl="End_event_Zang.html" publicReadable="true" sid="AC5c889084b86339a520b544ee8c9dd3cc" id="1595581321805"><properties><EventFamily type="String" modelName="setEventFamily" filler="getInstance.eventFamily" fillerModel="com.avaya.workflow.events.EventCatalogEntries" fillerLevel="0" propType="combo" displayPropName="Event family" show="false"/><EventType type="String" modelName="setEventType" filler="getInstance.eventType" fillerModel="com.avaya.workflow.events.EventCatalogEntries" fillerLevel="1" propType="combo" displayPropName="Event type" show="false"/><EventVersion type="String" modelName="setEventVersion" filler="getInstance.eventVersion" fillerModel="com.avaya.workflow.events.EventCatalogEntries" fillerLevel="2" propType="combo" displayPropName="Event version" show="false"/><InputSchema type="String" modelName="setSchema" fillerLevel="3" propType="multilineText" textLines="7" displayPropName="Input schma" showHideCheckbox="true"/><InputMapping propType="text"/><OutputMapping propType="text"/></properties><InputVars/><OutputVars/><mxCell style="image;image=Designer/EndEvent.png?task=endEvent" parent="1595581296693" vertex="1" collapsed="1" labelUnique="1"><mxGeometry x="276" y="208.20000004768372" width="29" height="29" as="geometry"/></mxCell></EndEvent><Edge Type="Edge" stepName="Edge" Label="" SeqNumber="" Condition="" AST="{&quot;expressionAST&quot;:{&quot;ast&quot;:&quot;&quot;,&quot;tokens&quot;:&quot;&quot;}}" DispCondition="" id="1595581323764"><mxCell parent="1595581296693" source="1595581305841" target="1595581321805" edge="1"><mxGeometry relative="1" as="geometry"/></mxCell></Edge></root></mxGraphModel>