<mxGraphModel style="default-style2"><root snapinVersion="3.5.0.0.451046" autoSnapToGrid="false"><mxCell id="1400627693428"/><mxCell id="1400627693429" parent="1400627693428"/><DataVariable snapinVersion="3.5.0.0.451046" autoSnapToGrid="false" stepName="Data Variable" tile="green" displayName="Variables" svg="Data" nodeType="data" Label="Variables" objectType="DataVariable" Identefier="TBD" displayProp="" displayProperties="undefined" groupName="Data" Type="Vertex" serviceName="CollabDesigner" input_schema="undefined" output_schema="undefined" defaultLabelOrientation="BELOW" isDot="false" publicReadable="true" id="1400627700494"><InputVars/><OutputVars/><properties><Item><Name>SmsCounter</Name><Schema>{"title":"SmsCounter","type":"object","properties":{"indexNo":{"type":"number"},"numRecords":{"type":"number"}}}</Schema><Checked>true</Checked><SchemaId>uuid218df985_3087_b913_b611_1518595092615</SchemaId><EditDisabled>false</EditDisabled></Item><Item><Name>system</Name><Schema>{"title":"system","type":"object","properties":{"securityIP":{"type":"string"},"instanceId":{"type":"string"},"parentId":{"type":"string"},"parentNode":{"type":"string"},"wfdName":{"type":"string"},"wfdVersion":{"type":"string"},"port":{"type":"string"}},"required":["securityIP","instanceId","parentId","parentNode","wfdName","wfdVersion","port"]}</Schema><Checked>true</Checked><SchemaId>uuid12345678901234567890</SchemaId><EditDisabled>false</EditDisabled></Item><Item><Name>Call</Name><Schema>{title:Call,type:object,properties:{callingNumber:{type:string},calledNumber:{type:string},timeOfEvent:{type:string},ucid:{type:string}}}</Schema><Checked>true</Checked><SchemaId>uuidCallVariable1234567890</SchemaId><EditDisabled>false</EditDisabled></Item><Item><Name>ReadSpreadsheetFile1_Output_2</Name><Schema>{"title":"ReadSpreadsheetFileOutputSchema","type":"object","properties":{"result":{"type":"array","items":{"type":"object","properties":{"numbers":{"type":"string"}}}}}}</Schema><Checked>true</Checked><SchemaId>uuidc02612f5_c69b_ff1d_635f_1521617824652</SchemaId><EditDisabled>false</EditDisabled></Item></properties><mxCell style="image;image=./images/bpmn/Data.png" parent="1400627693429" vertex="1" labelUnique="1" connectable="0"><mxGeometry x="17.006802721088437" y="18.51851851851852" width="29" height="29" as="geometry"/></mxCell></DataVariable><PropertiesNode stepName="PropertiesNode" displayProp="" tile="green" displayName="Properties" svg="Properties" Label="Properties" objectType="PropertiesNode" nodeType="PropertiesNode" Identefier="TBD" groupName="Data" Type="Vertex" id="1400627739052"><properties/><InputVars/><OutputVars/><mxCell style="image;image=./images/bpmn/Properties.png" parent="1400627693429" labelUnique="1" vertex="1" connectable="0"><mxGeometry x="78.2312925170068" y="18.51851851851852" width="29" height="29" as="geometry"/></mxCell></PropertiesNode><StartEvent snapinVersion="3.5.0.0.451046" autoSnapToGrid="false" stepName="Start Event" tile="null" displayName="Start" svg="StartEvent" nodeType="event" Label="Start" objectType="StartEvent" Identefier="com.roobroo.bpm.model.StartEvent" displayProp="" displayProperties="undefined" groupName="Events" Type="Vertex" serviceName="CollabDesigner" input_schema="undefined" output_schema="undefined" defaultLabelOrientation="BELOW" isDot="false" labelName="Start" mapping="[&quot;output&quot;]" helpUrl="Start_event_Zang.html" publicReadable="true" sid="AC5c889084b86339a520b544ee8c9dd3cc" id="1400627739051"><properties><Schedule type="String" modelName="setScheduled" propType="checkbox" displayPropName="Schedule" show="false"/><ScheduleOptions type="String" modelName="setScheduleOptions" propType="scheduledatetime" displayPropName="Schedule options" show="false"/><setorviewschedule clicker="js:openScheduler" clickerTextField="ScheduleOptions" clickerParam="ScheduleOptions" propType="button" displayPropName="Set/View Schedule" show="false"/><EventFamily type="String" modelName="setEventFamily" filler="getInstance.eventFamily" fillerModel="com.avaya.workflow.events.EventCatalogEntries" fillerLevel="0" propType="combo" displayPropName="Event family"/><EventType type="String" modelName="setEventType" filler="getInstance.eventType" fillerModel="com.avaya.workflow.events.EventCatalogEntries" fillerLevel="1" propType="combo" displayPropName="Event type"/><EventVersion type="String" modelName="setEventVersion" filler="getInstance.eventVersion" fillerModel="com.avaya.workflow.events.EventCatalogEntries" fillerLevel="2" propType="combo" displayPropName="Event version"/><OutputSchema type="String" modelName="setSchema" fillerLevel="3" propType="multilineText" textLines="7" displayPropName="Output schema" showHideCheckbox="true"/><InputMapping propType="text"/><OutputMapping propType="text"/></properties><InputVars/><OutputVars/><mxCell style="image;image=Designer/StartEvent.png?task=startEvent" parent="1400627693429" vertex="1" labelUnique="1"><mxGeometry x="68.50680272108843" y="209.25925925925924" width="29" height="29" as="geometry"/></mxCell></StartEvent><ReadSpreadsheetFile snapinVersion="3.5.0.0.451046" autoSnapToGrid="false" stepName="Read Spreadsheet File" tile="blue" displayName="Read Spreadsheet File" svg="ReadSpreadsheet" nodeType="activity" Label="Read data from File" objectType="ReadSpreadsheetFile" Identefier="com.roobroo.bpm.task.integration.ReadExcelSpreadsheetModel" displayProp="Spreadsheet File URL**00**https://docs.google.com/spreadsheets/d/1cPjL59ukNjClYCF1U_-pVOtfros_Ye55gjTo6amM0ww" displayProperties="undefined" groupName="Integration" Type="Vertex" serviceName="CollabDesigner" input_schema="{&#10;            title: ReadSpreadsheetFileInputSchema,&#10;            type: object,&#10;            properties: {&#10;              fileURL: {&#10;                type: string&#10;              },&#10;              filePassword : {&#10;                type: string&#10;              },&#10;              headerNames : {&#10;                type: string&#10;              }&#10;            }&#10;          }" output_schema="undefined" defaultLabelOrientation="BELOW" isDot="false" labelName="ReadSpreadsheetFile" forEach="true" mapping="[&quot;input&quot;, &quot;output&quot;]" helpUrl="Read_Spreadsheet_File_Zang.html" publicReadable="true" sid="AC5c889084b86339a520b544ee8c9dd3cc" arrayToLoop="" id="1518590577041"><properties><fileURL type="String" modelName="setFileURL" propType="text" displayPropName="Spreadsheet File URL">https://docs.google.com/spreadsheets/d/1cPjL59ukNjClYCF1U_-pVOtfros_Ye55gjTo6amM0ww</fileURL><filePassword type="String" modelName="setFilePassword" propType="password" displayPropName="File Password (if required)"/><headerNames type="String" modelName="setHeaderNames" propType="text" displayPropName="Header Names">Numbers</headerNames><OutputSchema type="String" modelName="setOutputSchema" propType="multilineText" textLines="7" displayPropName="Output schema" readOnly="true" showHideCheckbox="true" control="OutputSchema">{"title":"ReadSpreadsheetFileOutputSchema","type":"object","properties":{"result":{"type":"array","items":{"type":"object","properties":{"numbers":{"type":"string"}}}}}}</OutputSchema><GetOutputSchema clicker="getOutputSchema" clickerModel="com.roobroo.bpm.task.integration.ReadExcelSpreadsheetPropertyHandler" clickerLabel="GetOutputSchema" clickerTextField="OutputSchema" clickerParam="{paramFields: [headerNames] }" propType="button" displayPropName="Retrieve"/><InputMapping propType="text"/><OutputMapping propType="text">{"edges":[{"sourceUniquePath":"['ReadSpreadsheetFileOutputSchema']","targetUniquePath":"['uuidc02612f5_c69b_ff1d_635f_1521617824652']","transformationAST":{"ast":"","tokens":"","isTemplate":"false"}},{"sourceUniquePath":"['ReadSpreadsheetFileOutputSchema']['result']['numbers']","targetUniquePath":"['uuid218df985_3087_b913_b611_1518595092615']['numRecords']","transformationAST":{"ast":"{\"range\":[0,58],\"type\":\"MemberExpression\",\"computed\":false,\"object\":{\"range\":[0,51],\"type\":\"MemberExpression\",\"computed\":true,\"object\":{\"range\":[0,41],\"type\":\"Identifier\",\"name\":\"uuidc02612f5_c69b_ff1d_635f_1521617824652\"},\"property\":{\"range\":[42,50],\"type\":\"Literal\",\"value\":\"result\",\"raw\":\"\\\"result\\\"\"}},\"property\":{\"range\":[52,58],\"type\":\"Identifier\",\"name\":\"length\"}}","tokens":"[{\"type\":\"Identifier\",\"value\":\"ReadSpreadsheetFile1_Output_2\",\"range\":[0,29]},{\"type\":\"Punctuator\",\"value\":\"[\",\"range\":[29,30]},{\"type\":\"String\",\"value\":\"\\\"result\\\"\",\"range\":[30,38]},{\"type\":\"Punctuator\",\"value\":\"]\",\"range\":[38,39]},{\"type\":\"Punctuator\",\"value\":\".\",\"range\":[39,40]},{\"type\":\"Identifier\",\"value\":\"length\",\"range\":[40,46]}]","isTemplate":"false"}},{"sourceUniquePath":"","targetUniquePath":"['uuid218df985_3087_b913_b611_1518595092615']['indexNo']","transformationAST":{"ast":"{\"range\":[0,1],\"type\":\"Literal\",\"value\":0,\"raw\":\"0\"}","tokens":"[{\"type\":\"Numeric\",\"value\":\"0\",\"range\":[0,1]}]","isTemplate":false}}]}</OutputMapping><forEachSupport displayPropName="Loop execution" propType="checkbox">false</forEachSupport><arrayToLoop displayPropName="Array to loop" propType="text" control="arrayToLoop"/></properties><InputVars><Item><Name>SmsCounter</Name><SchemaId>uuid218df985_3087_b913_b611_1518595092615</SchemaId><Checked>true</Checked><CollapseVar>true</CollapseVar><CollapseExtraVar>true</CollapseExtraVar></Item><Item><Name>system</Name><SchemaId>uuid12345678901234567890</SchemaId><Checked>true</Checked><CollapseVar>true</CollapseVar><CollapseExtraVar>true</CollapseExtraVar></Item><Item><Name>Call</Name><SchemaId>uuidCallVariable1234567890</SchemaId><Checked>true</Checked><CollapseVar>true</CollapseVar><CollapseExtraVar>true</CollapseExtraVar></Item><Item><Name>ReadSpreadsheetFile1_Output_2</Name><SchemaId>uuidc02612f5_c69b_ff1d_635f_1521617824652</SchemaId><Checked>true</Checked><CollapseVar>true</CollapseVar><CollapseExtraVar>true</CollapseExtraVar></Item></InputVars><OutputVars><Item><Name>SmsCounter</Name><SchemaId>uuid218df985_3087_b913_b611_1518595092615</SchemaId><Checked>true</Checked><CollapseVar>false</CollapseVar><CollapseExtraVar>true</CollapseExtraVar></Item><Item><Name>system</Name><SchemaId>uuid12345678901234567890</SchemaId><Checked>true</Checked><CollapseVar>true</CollapseVar><CollapseExtraVar>true</CollapseExtraVar></Item><Item><Name>Call</Name><SchemaId>uuidCallVariable1234567890</SchemaId><Checked>true</Checked><CollapseVar>true</CollapseVar><CollapseExtraVar>true</CollapseExtraVar></Item><Item><Name>ReadSpreadsheetFile1_Output_2</Name><SchemaId>uuidc02612f5_c69b_ff1d_635f_1521617824652</SchemaId><Checked>true</Checked><CollapseVar>false</CollapseVar><CollapseExtraVar>true</CollapseExtraVar></Item></OutputVars><mxCell style="or=#FF9900" parent="1400627693429" vertex="1" collapsed="1" labelUnique="1"><mxGeometry x="175.5374149659864" y="204.75925925925924" width="40" height="35" as="geometry"/></mxCell></ReadSpreadsheetFile><Edge Type="Edge" stepName="Edge" Label="" SeqNumber="" Condition="" AST="{&quot;expressionAST&quot;:{&quot;ast&quot;:&quot;&quot;,&quot;tokens&quot;:&quot;&quot;}}" DispCondition="" id="1518590578171"><mxCell parent="1400627693429" source="1400627739051" target="1518590577041" edge="1"><mxGeometry relative="1" as="geometry"/></mxCell></Edge><SendSMS snapinVersion="3.5.0.0.451046" autoSnapToGrid="false" stepName="Send SMS" tile="blue" displayName="Send SMS" svg="SendSMS" nodeType="activity" Label="Send SMS to Number fetched from File" objectType="SendSMS" Identefier="com.avaya.designer.thallium.task.communication.SendSMSModel" displayProp="To Number**00**$lReadSpreadsheetFile1_Output_2.result.numbers" displayProperties="[{&quot;mapping&quot;: [{&quot;ToNumber&quot;: &quot;toNumber&quot;}]}, {&quot;properties&quot;: [&quot;ToNumber&quot;]}]" groupName="Notifications" Type="Vertex" serviceName="CollabDesigner" input_schema="{&#10;&#9;&#9;&#9;&#9;&#9;&#9;title: SendSMSInputSchema,&#10;&#9;&#9;&#9;&#9;&#9;&#9;type: object,&#10;&#9;&#9;&#9;&#9;&#9;&#9;properties: {&#10;&#9;&#9;&#9;&#9;&#9;&#9;&#9;fromNumber: {type:string},&#10;&#9;&#9;&#9;&#9;&#9;&#9;&#9;toNumber:{type:string},&#10;&#9;&#9;&#9;&#9;&#9;&#9;&#9;textBody:{type:string}&#10;&#10;&#9;&#9;&#9;&#9;&#9;&#9;}&#10;&#9;&#9;&#9;&#9;}" output_schema="{&#10;&#9;&#9;&#9;&#9;&#9;&#9;&#9;title: SendSMSOutputSchema,&#10;&#9;&#9;&#9;&#9;&#9;&#9;&#9;type: object,&#10;&#9;&#9;&#9;&#9;&#9;&#9;&#9;properties: {&#10;&#9;&#9;&#9;&#9;&#9;&#9;&#9;&#9;SmsSid: { type: string },&#10;&#9;&#9;&#9;&#9;&#9;&#9;&#9;&#9;Sid: { type: string },&#10;&#9;&#9;&#9;&#9; &#9; &#9; &#9; &#9;status: { type: string }&#10;&#9;&#9;&#9;&#9;&#9;&#9;&#9;}&#10;&#9;&#9;&#9;&#9;&#9;}" defaultLabelOrientation="BELOW" isDot="false" forEach="true" mapping="[&quot;input&quot;, &quot;output&quot;]" helpUrl="Send_SMS_Zang.html" publicReadable="true" sid="AC5c889084b86339a520b544ee8c9dd3cc" arrayToLoop="" id="1518590729902"><properties><FromNumber type="String" modelName="setFromNumber" propType="text" displayPropName="From Number" mapping="fromNumber">+14087136594</FromNumber><ToNumber type="String" modelName="setToNumber" propType="text" displayPropName="To Number" mapping="toNumber"/><TextBody type="String" modelName="setTextBody" propType="multilineText" textLines="7" displayPropName="Text Body" mapping="textBody" control="TextBody">This is a test SMS from Zang. Please ignore</TextBody><InputMapping propType="text">{"edges":[{"sourceUniquePath":"['uuidc02612f5_c69b_ff1d_635f_1521617824652']['result']['numbers']","targetUniquePath":"['SendSMSInputSchema']['toNumber']","transformationAST":{"ast":"{\"range\":[0,116],\"type\":\"MemberExpression\",\"computed\":true,\"object\":{\"range\":[0,105],\"type\":\"MemberExpression\",\"computed\":true,\"object\":{\"range\":[0,51],\"type\":\"MemberExpression\",\"computed\":true,\"object\":{\"range\":[0,41],\"type\":\"Identifier\",\"name\":\"uuidc02612f5_c69b_ff1d_635f_1521617824652\"},\"property\":{\"range\":[42,50],\"type\":\"Literal\",\"value\":\"result\",\"raw\":\"\\\"result\\\"\"}},\"property\":{\"range\":[52,104],\"type\":\"MemberExpression\",\"computed\":true,\"object\":{\"range\":[52,93],\"type\":\"Identifier\",\"name\":\"uuid218df985_3087_b913_b611_1518595092615\"},\"property\":{\"range\":[94,103],\"type\":\"Literal\",\"value\":\"indexNo\",\"raw\":\"\\\"indexNo\\\"\"}}},\"property\":{\"range\":[106,115],\"type\":\"Literal\",\"value\":\"numbers\",\"raw\":\"\\\"numbers\\\"\"}}","tokens":"[{\"type\":\"Identifier\",\"value\":\"ReadSpreadsheetFile1_Output_2\",\"range\":[0,29]},{\"type\":\"Punctuator\",\"value\":\"[\",\"range\":[29,30]},{\"type\":\"String\",\"value\":\"\\\"result\\\"\",\"range\":[30,38]},{\"type\":\"Punctuator\",\"value\":\"]\",\"range\":[38,39]},{\"type\":\"Punctuator\",\"value\":\"[\",\"range\":[39,40]},{\"type\":\"Identifier\",\"value\":\"SmsCounter\",\"range\":[40,50]},{\"type\":\"Punctuator\",\"value\":\"[\",\"range\":[50,51]},{\"type\":\"String\",\"value\":\"\\\"indexNo\\\"\",\"range\":[51,60]},{\"type\":\"Punctuator\",\"value\":\"]\",\"range\":[60,61]},{\"type\":\"Punctuator\",\"value\":\"]\",\"range\":[61,62]},{\"type\":\"Punctuator\",\"value\":\"[\",\"range\":[62,63]},{\"type\":\"String\",\"value\":\"\\\"numbers\\\"\",\"range\":[63,72]},{\"type\":\"Punctuator\",\"value\":\"]\",\"range\":[72,73]}]","isTemplate":"false"}}]}</InputMapping><OutputMapping propType="text">{"edges":[{"sourceUniquePath":"['uuid218df985_3087_b913_b611_1518595092615']['indexNo']","targetUniquePath":"['uuid218df985_3087_b913_b611_1518595092615']['indexNo']","transformationAST":{"ast":"{\"range\":[0,56],\"type\":\"BinaryExpression\",\"operator\":\"+\",\"left\":{\"range\":[0,52],\"type\":\"MemberExpression\",\"computed\":true,\"object\":{\"range\":[0,41],\"type\":\"Identifier\",\"name\":\"uuid218df985_3087_b913_b611_1518595092615\"},\"property\":{\"range\":[42,51],\"type\":\"Literal\",\"value\":\"indexNo\",\"raw\":\"\\\"indexNo\\\"\"}},\"right\":{\"range\":[55,56],\"type\":\"Literal\",\"value\":1,\"raw\":\"1\"}}","tokens":"[{\"type\":\"Identifier\",\"value\":\"SmsCounter\",\"range\":[0,10]},{\"type\":\"Punctuator\",\"value\":\"[\",\"range\":[10,11]},{\"type\":\"String\",\"value\":\"\\\"indexNo\\\"\",\"range\":[11,20]},{\"type\":\"Punctuator\",\"value\":\"]\",\"range\":[20,21]},{\"type\":\"Punctuator\",\"value\":\"+\",\"range\":[22,23]},{\"type\":\"Numeric\",\"value\":\"1\",\"range\":[24,25]}]","isTemplate":"false"}}]}</OutputMapping><forEachSupport displayPropName="Loop execution" propType="checkbox">false</forEachSupport><arrayToLoop displayPropName="Array to loop" propType="text" control="arrayToLoop"/></properties><InputVars><Item><Name>SmsCounter</Name><SchemaId>uuid218df985_3087_b913_b611_1518595092615</SchemaId><Checked>true</Checked><CollapseVar>false</CollapseVar><CollapseExtraVar>true</CollapseExtraVar></Item><Item><Name>system</Name><SchemaId>uuid12345678901234567890</SchemaId><Checked>true</Checked><CollapseVar>true</CollapseVar><CollapseExtraVar>true</CollapseExtraVar></Item><Item><Name>Call</Name><SchemaId>uuidCallVariable1234567890</SchemaId><Checked>true</Checked><CollapseVar>true</CollapseVar><CollapseExtraVar>true</CollapseExtraVar></Item><Item><Name>ReadSpreadsheetFile1_Output_2</Name><SchemaId>uuidc02612f5_c69b_ff1d_635f_1521617824652</SchemaId><Checked>true</Checked><CollapseVar>false</CollapseVar><CollapseExtraVar>true</CollapseExtraVar></Item></InputVars><OutputVars><Item><Name>SmsCounter</Name><SchemaId>uuid218df985_3087_b913_b611_1518595092615</SchemaId><Checked>true</Checked><CollapseVar>false</CollapseVar><CollapseExtraVar>false</CollapseExtraVar></Item><Item><Name>system</Name><SchemaId>uuid12345678901234567890</SchemaId><Checked>true</Checked><CollapseVar>true</CollapseVar><CollapseExtraVar>true</CollapseExtraVar></Item><Item><Name>Call</Name><SchemaId>uuidCallVariable1234567890</SchemaId><Checked>true</Checked><CollapseVar>true</CollapseVar><CollapseExtraVar>true</CollapseExtraVar></Item><Item><Name>ReadSpreadsheetFile1_Output_2</Name><SchemaId>uuidc02612f5_c69b_ff1d_635f_1521617824652</SchemaId><Checked>true</Checked><CollapseVar>true</CollapseVar><CollapseExtraVar>true</CollapseExtraVar></Item></OutputVars><mxCell style="" parent="1400627693429" vertex="1" collapsed="1" labelUnique="1"><mxGeometry x="282.01360544217687" y="204.75925925925924" width="40" height="35" as="geometry"/></mxCell></SendSMS><Edge Type="Edge" stepName="Edge" Label="" SeqNumber="" Condition="" AST="{&quot;expressionAST&quot;:{&quot;ast&quot;:&quot;&quot;,&quot;tokens&quot;:&quot;&quot;}}" DispCondition="" id="1518590731590"><mxCell parent="1400627693429" source="1518590577041" target="1518590729902" edge="1"><mxGeometry relative="1" as="geometry"/></mxCell></Edge><ExclusiveGateway Type="Vertex" groupName="Conditions (Gateways)" Identefier="com.roobroo.bpm.model.ExclusiveGateway" objectType="ExclusiveGateway" Label="Loop Check" nodeType="gateway" svg="ExclusiveGateway" displayName="Condition Match (Exclusive)" tile="undefined" displayProp="" input_schema="undefined" output_schema="undefined" serviceName="CollabDesigner" snapinVersion="3.0" displayProperties="undefined" mapping="undefined" forEach="undefined" stepName="Exclusive Gateway" id="1518595363861"><properties><conditions propType="dynamic" displayPropName="undefined" schemaForDynamicProperties="{ &quot;title&quot;: &quot;Conditions&quot;, &quot;type&quot;: &quot;array&quot;, &quot;format&quot;: &quot;table&quot;, &quot;items&quot;: { &quot;type&quot;: &quot;object&quot;, &quot;title&quot;: &quot;Row&quot;, &quot;properties&quot;: { &quot;Label&quot;: { &quot;title&quot;: &quot;Label&quot;, &quot;type&quot;: &quot;string&quot;,  &quot;description&quot;: &quot;Label&quot;},  &quot;Display Condition&quot;: {&quot;title&quot;: &quot;Condition&quot;, &quot;type&quot;: &quot;string&quot;,&quot;format&quot;: &quot;textarea&quot;,&quot;rows&quot;:&quot;4&quot;,&quot;description&quot;: &quot;DisplayCondition&quot;,&quot;readOnly&quot;: &quot;true&quot;},&quot;Condition&quot;: { &quot;title&quot;: &quot; &quot;, &quot;type&quot;: &quot;string&quot;,&quot;format&quot;: &quot;button&quot;,&quot;default&quot;: &quot; ... &quot;,&quot;description&quot;: &quot;Condition&quot;},&quot;edgeId&quot;: { &quot;title&quot;: &quot;edgeId&quot;, &quot;type&quot;: &quot;string&quot;,&quot;options&quot;:{&quot;hidden&quot;:&quot;true&quot;}}      }  }}" readOnly="false" modelName="setConditions"/><InputMapping propType="text" displayPropName="undefined" readOnly="false"/><OutputMapping propType="text" displayPropName="undefined" readOnly="false"/></properties><InputVars><Item><Name>SmsCounter</Name><SchemaId>uuid218df985_3087_b913_b611_1518595092615</SchemaId><Checked>true</Checked><CollapseVar>true</CollapseVar><CollapseExtraVar>true</CollapseExtraVar></Item><Item><Name>system</Name><SchemaId>uuid12345678901234567890</SchemaId><Checked>true</Checked><CollapseVar>true</CollapseVar><CollapseExtraVar>true</CollapseExtraVar></Item><Item><Name>Call</Name><SchemaId>uuidCallVariable1234567890</SchemaId><Checked>true</Checked><CollapseVar>true</CollapseVar><CollapseExtraVar>true</CollapseExtraVar></Item><Item><Name>ReadSpreadsheetFile1_Output_2</Name><SchemaId>uuidc02612f5_c69b_ff1d_635f_1521617824652</SchemaId><Checked>true</Checked><CollapseVar>true</CollapseVar><CollapseExtraVar>true</CollapseExtraVar></Item></InputVars><OutputVars><Item><Name>SmsCounter</Name><SchemaId>uuid218df985_3087_b913_b611_1518595092615</SchemaId><Checked>true</Checked><CollapseVar>true</CollapseVar><CollapseExtraVar>true</CollapseExtraVar></Item><Item><Name>system</Name><SchemaId>uuid12345678901234567890</SchemaId><Checked>true</Checked><CollapseVar>true</CollapseVar><CollapseExtraVar>true</CollapseExtraVar></Item><Item><Name>Call</Name><SchemaId>uuidCallVariable1234567890</SchemaId><Checked>true</Checked><CollapseVar>true</CollapseVar><CollapseExtraVar>true</CollapseExtraVar></Item><Item><Name>ReadSpreadsheetFile1_Output_2</Name><SchemaId>uuidc02612f5_c69b_ff1d_635f_1521617824652</SchemaId><Checked>true</Checked><CollapseVar>true</CollapseVar><CollapseExtraVar>true</CollapseExtraVar></Item></OutputVars><mxCell style="image;image=Designer/ExclusiveGateway.png?task=exclusiveGateway" parent="1400627693429" vertex="1" collapsed="1" labelUnique="1"><mxGeometry x="441.2585034013605" y="209.25925925925924" width="29" height="29" as="geometry"/></mxCell></ExclusiveGateway><Edge Type="Edge" stepName="Edge" Label="More" SeqNumber="0" AST="{&quot;expressionAST&quot;:{&quot;ast&quot;:{&quot;range&quot;:[0,110],&quot;type&quot;:&quot;BinaryExpression&quot;,&quot;operator&quot;:&quot;&lt;&quot;,&quot;left&quot;:{&quot;range&quot;:[0,52],&quot;type&quot;:&quot;MemberExpression&quot;,&quot;computed&quot;:true,&quot;object&quot;:{&quot;range&quot;:[0,41],&quot;type&quot;:&quot;Identifier&quot;,&quot;name&quot;:&quot;uuid218df985_3087_b913_b611_1518595092615&quot;},&quot;property&quot;:{&quot;range&quot;:[42,51],&quot;type&quot;:&quot;Literal&quot;,&quot;value&quot;:&quot;indexNo&quot;,&quot;raw&quot;:&quot;\&quot;indexNo\&quot;&quot;}},&quot;right&quot;:{&quot;range&quot;:[55,110],&quot;type&quot;:&quot;MemberExpression&quot;,&quot;computed&quot;:true,&quot;object&quot;:{&quot;range&quot;:[55,96],&quot;type&quot;:&quot;Identifier&quot;,&quot;name&quot;:&quot;uuid218df985_3087_b913_b611_1518595092615&quot;},&quot;property&quot;:{&quot;range&quot;:[97,109],&quot;type&quot;:&quot;Literal&quot;,&quot;value&quot;:&quot;numRecords&quot;,&quot;raw&quot;:&quot;\&quot;numRecords\&quot;&quot;}}},&quot;tokens&quot;:[{&quot;type&quot;:&quot;Identifier&quot;,&quot;value&quot;:&quot;uuid218df985_3087_b913_b611_1518595092615&quot;,&quot;range&quot;:[0,41]},{&quot;type&quot;:&quot;Punctuator&quot;,&quot;value&quot;:&quot;[&quot;,&quot;range&quot;:[41,42]},{&quot;type&quot;:&quot;String&quot;,&quot;value&quot;:&quot;\&quot;indexNo\&quot;&quot;,&quot;range&quot;:[42,51]},{&quot;type&quot;:&quot;Punctuator&quot;,&quot;value&quot;:&quot;]&quot;,&quot;range&quot;:[51,52]},{&quot;type&quot;:&quot;Punctuator&quot;,&quot;value&quot;:&quot;&lt;&quot;,&quot;range&quot;:[53,54]},{&quot;type&quot;:&quot;Identifier&quot;,&quot;value&quot;:&quot;uuid218df985_3087_b913_b611_1518595092615&quot;,&quot;range&quot;:[55,96]},{&quot;type&quot;:&quot;Punctuator&quot;,&quot;value&quot;:&quot;[&quot;,&quot;range&quot;:[96,97]},{&quot;type&quot;:&quot;String&quot;,&quot;value&quot;:&quot;\&quot;numRecords\&quot;&quot;,&quot;range&quot;:[97,109]},{&quot;type&quot;:&quot;Punctuator&quot;,&quot;value&quot;:&quot;]&quot;,&quot;range&quot;:[109,110]}]}}" Condition="uuid218df985_3087_b913_b611_1518595092615[&quot;indexNo&quot;] &lt; uuid218df985_3087_b913_b611_1518595092615[&quot;numRecords&quot;]" DispCondition="SmsCounter[&quot;indexNo&quot;]&lt;SmsCounter[&quot;numRecords&quot;]" id="1518595391130"><mxCell parent="1400627693429" source="1518595363861" target="1518595405079" edge="1"><mxGeometry x="0.011959122334605677" y="26" relative="1" unconnected="0" changed="1" as="geometry"><Array as="points"><mxPoint x="450" y="398"/></Array><mxPoint x="372.108843537415" y="113.33333333333333" as="targetPoint"/><mxPoint as="offset"/></mxGeometry></mxCell></Edge><Edge Type="Edge" stepName="Edge" Label="" SeqNumber="" AST="{&quot;expressionAST&quot;:{&quot;ast&quot;:&quot;&quot;,&quot;tokens&quot;:&quot;&quot;}}" Condition="" DispCondition="" id="1518595391194"><mxCell parent="1400627693429" source="1518595363861" target="1518595431949" edge="1"><mxGeometry relative="1" unconnected="0" as="geometry"><Array as="points"/><mxPoint x="372.108843537415" y="224.44444444444443" as="targetPoint"/></mxGeometry></mxCell></Edge><AbstractTask snapinVersion="3.5.0.0.451046" autoSnapToGrid="false" stepName="Abstract Task" tile="blue" displayName="Abstract Task" svg="AbstractTask" nodeType="activity" Label="Further data taken from file" objectType="AbstractTask" Identefier="com.roobroo.bpm.model.AbstractTask" displayProp="" displayProperties="undefined" groupName="Integration" Type="Vertex" serviceName="CollabDesigner" input_schema="{&#10;&#9;&#9;&#9;        title: Example,&#10;&#9;&#9;&#9;        type: object,&#10;&#9;&#9;&#9;        properties: {&#10;&#9;&#9;&#9;            title: {&#10;&#9;&#9;&#9;                type: string&#10;&#9;&#9;&#9;            }&#10;&#9;&#9;&#9;        }&#10;&#9;&#9;&#9;    }" output_schema="{&#10;&#9;&#9;&#9;        title: Example,&#10;&#9;&#9;&#9;        type: object,&#10;&#9;&#9;&#9;        properties: {&#10;&#9;&#9;&#9;            title: {&#10;&#9;&#9;&#9;                type: string&#10;&#9;&#9;&#9;            }&#10;&#9;&#9;&#9;        }&#10;&#9;&#9;&#9;    }" defaultLabelOrientation="BELOW" isDot="false" forEach="true" mapping="[]" helpUrl="Abstract_Task_Zang.html" publicReadable="true" sid="AC5c889084b86339a520b544ee8c9dd3cc" id="1518595405079"><properties><InputMapping propType="text"/><OutputMapping propType="text"/><forEachSupport displayPropName="Loop execution" propType="checkbox">false</forEachSupport><arrayToLoop displayPropName="Array to loop" propType="text"/></properties><InputVars><Item><Name>SmsCounter</Name><SchemaId>uuid218df985_3087_b913_b611_1518595092615</SchemaId><Checked>true</Checked><CollapseVar>true</CollapseVar><CollapseExtraVar>true</CollapseExtraVar></Item><Item><Name>system</Name><SchemaId>uuid12345678901234567890</SchemaId><Checked>true</Checked><CollapseVar>true</CollapseVar><CollapseExtraVar>true</CollapseExtraVar></Item><Item><Name>Call</Name><SchemaId>uuidCallVariable1234567890</SchemaId><Checked>true</Checked><CollapseVar>true</CollapseVar><CollapseExtraVar>true</CollapseExtraVar></Item><Item><Name>ReadSpreadsheetFile1_Output_2</Name><SchemaId>uuidc02612f5_c69b_ff1d_635f_1521617824652</SchemaId><Checked>true</Checked><CollapseVar>true</CollapseVar><CollapseExtraVar>true</CollapseExtraVar></Item></InputVars><OutputVars><Item><Name>SmsCounter</Name><SchemaId>uuid218df985_3087_b913_b611_1518595092615</SchemaId><Checked>true</Checked><CollapseVar>true</CollapseVar><CollapseExtraVar>true</CollapseExtraVar></Item><Item><Name>system</Name><SchemaId>uuid12345678901234567890</SchemaId><Checked>true</Checked><CollapseVar>true</CollapseVar><CollapseExtraVar>true</CollapseExtraVar></Item><Item><Name>Call</Name><SchemaId>uuidCallVariable1234567890</SchemaId><Checked>true</Checked><CollapseVar>true</CollapseVar><CollapseExtraVar>true</CollapseExtraVar></Item><Item><Name>ReadSpreadsheetFile1_Output_2</Name><SchemaId>uuidc02612f5_c69b_ff1d_635f_1521617824652</SchemaId><Checked>true</Checked><CollapseVar>true</CollapseVar><CollapseExtraVar>true</CollapseExtraVar></Item></OutputVars><mxCell style="" parent="1400627693429" vertex="1" collapsed="1" labelUnique="1"><mxGeometry x="339.7585034013605" y="376.2222222222222" width="40" height="35" as="geometry"/></mxCell></AbstractTask><Edge Type="Edge" stepName="Edge" Label="" SeqNumber="" Condition="" AST="{&quot;expressionAST&quot;:{&quot;ast&quot;:&quot;&quot;,&quot;tokens&quot;:&quot;&quot;}}" DispCondition="" id="1518595409232"><mxCell parent="1400627693429" source="1518595405079" target="1518590729902" edge="1"><mxGeometry relative="1" as="geometry"><Array as="points"><mxPoint x="310" y="398"/></Array></mxGeometry></mxCell></Edge><Edge Type="Edge" stepName="Edge" Label="" SeqNumber="" Condition="" AST="{&quot;expressionAST&quot;:{&quot;ast&quot;:&quot;&quot;,&quot;tokens&quot;:&quot;&quot;}}" DispCondition="" id="1518595427254"><mxCell parent="1400627693429" source="1518590729902" target="1518595363861" edge="1"><mxGeometry relative="1" as="geometry"><Array as="points"/></mxGeometry></mxCell></Edge><EndEvent snapinVersion="3.5.0.0.451046" autoSnapToGrid="false" stepName="End Event" tile="undefined" displayName="End" svg="EndEvent" nodeType="event" Label="End1" objectType="EndEvent" Identefier="com.roobroo.bpm.model.EndEvent" displayProp="" displayProperties="undefined" groupName="Events" Type="Vertex" serviceName="CollabDesigner" input_schema="undefined" output_schema="undefined" defaultLabelOrientation="BELOW" isDot="false" labelName="End" mapping="[&quot;input&quot;]" helpUrl="End_event_Zang.html" publicReadable="true" sid="AC5c889084b86339a520b544ee8c9dd3cc" id="1518595431949"><properties><EventFamily type="String" modelName="setEventFamily" filler="getInstance.eventFamily" fillerModel="com.avaya.workflow.events.EventCatalogEntries" fillerLevel="0" propType="combo" displayPropName="Event family" show="false"/><EventType type="String" modelName="setEventType" filler="getInstance.eventType" fillerModel="com.avaya.workflow.events.EventCatalogEntries" fillerLevel="1" propType="combo" displayPropName="Event type" show="false"/><EventVersion type="String" modelName="setEventVersion" filler="getInstance.eventVersion" fillerModel="com.avaya.workflow.events.EventCatalogEntries" fillerLevel="2" propType="combo" displayPropName="Event version" show="false"/><InputSchema type="String" modelName="setSchema" fillerLevel="3" propType="multilineText" textLines="7" displayPropName="Input schma" showHideCheckbox="true"/><InputMapping propType="text"/><OutputMapping propType="text"/></properties><InputVars/><OutputVars/><mxCell style="image;image=Designer/EndEvent.png?task=endEvent" parent="1400627693429" vertex="1" collapsed="1" labelUnique="1"><mxGeometry x="537.0136054421769" y="209.25925925925924" width="29" height="29" as="geometry"/></mxCell></EndEvent><Comment snapinVersion="3.5.0.0.451046" autoSnapToGrid="false" stepName="Comment" tile="blue" displayName="Comment" svg="Comment" nodeType="Comment" Label="Comment1" objectType="Comment" Identefier="TBD" displayProp="" displayProperties="undefined" groupName="Integration" Type="Vertex" serviceName="CollabDesigner" input_schema="undefined" output_schema="undefined" defaultLabelOrientation="BELOW" isDot="false" forEach="true" mapping="[]" helpUrl="Comment_Zang.html" publicReadable="true" sid="AC5c889084b86339a520b544ee8c9dd3cc" id="1521711154272"><properties><Comment type="String" propType="multilineText" textLines="11" displayPropName="Comment">Here Read spreadsheet file task will read the data from the sheet. And SMS will be sent to the numbers fetched from the file one by one. If next entry present in the file, loop will be executed otherwise WF will end.</Comment><InputMapping propType="text"/><OutputMapping propType="text"/></properties><InputVars><Item><Name>SmsCounter</Name><SchemaId>uuid218df985_3087_b913_b611_1518595092615</SchemaId><Checked>true</Checked><CollapseVar>true</CollapseVar><CollapseExtraVar>true</CollapseExtraVar></Item><Item><Name>system</Name><SchemaId>uuid12345678901234567890</SchemaId><Checked>true</Checked><CollapseVar>true</CollapseVar><CollapseExtraVar>true</CollapseExtraVar></Item><Item><Name>Call</Name><SchemaId>uuidCallVariable1234567890</SchemaId><Checked>true</Checked><CollapseVar>true</CollapseVar><CollapseExtraVar>true</CollapseExtraVar></Item><Item><Name>ReadSpreadsheetFile1_Output_2</Name><SchemaId>uuidc02612f5_c69b_ff1d_635f_1521617824652</SchemaId><Checked>true</Checked><CollapseVar>true</CollapseVar><CollapseExtraVar>true</CollapseExtraVar></Item></InputVars><OutputVars><Item><Name>SmsCounter</Name><SchemaId>uuid218df985_3087_b913_b611_1518595092615</SchemaId><Checked>true</Checked><CollapseVar>true</CollapseVar><CollapseExtraVar>true</CollapseExtraVar></Item><Item><Name>system</Name><SchemaId>uuid12345678901234567890</SchemaId><Checked>true</Checked><CollapseVar>true</CollapseVar><CollapseExtraVar>true</CollapseExtraVar></Item><Item><Name>Call</Name><SchemaId>uuidCallVariable1234567890</SchemaId><Checked>true</Checked><CollapseVar>true</CollapseVar><CollapseExtraVar>true</CollapseExtraVar></Item><Item><Name>ReadSpreadsheetFile1_Output_2</Name><SchemaId>uuidc02612f5_c69b_ff1d_635f_1521617824652</SchemaId><Checked>true</Checked><CollapseVar>true</CollapseVar><CollapseExtraVar>true</CollapseExtraVar></Item></OutputVars><mxCell style="fontSize=12;fontColor=#666699" parent="1400627693429" vertex="1" collapsed="1" labelUnique="1"><mxGeometry x="520.7312925170068" y="298.2222222222222" width="236" height="122" as="geometry"/></mxCell></Comment></root></mxGraphModel>